Name,Passes and iterations
Data sizes,"[1000, 5000, 10000, 20000, 40000]"
Number of topics,"[10, 30, 50, 100]"
Not above,"[0.1, 0.5, 0.9]"
Chunksize,"[500, 1000, 2000, 4000]"
Passes,"[1, 5, 10, 20]"
Iterations,"[100, 200, 400]"

Data size,Topics,no_above,Chunksize,Passes,Iteration
1000,50,0.9,2000,5,200

Topic 1,Topic 2,Topic 3,Topic 4,Topic 5,Topic 6,Topic 7,Topic 8,Topic 9,Topic 10,Topic 11,Topic 12,Topic 13,Topic 14,Topic 15,Topic 16,Topic 17,Topic 18,Topic 19,Topic 20,Topic 21,Topic 22,Topic 23,Topic 24,Topic 25,Topic 26,Topic 27,Topic 28,Topic 29,Topic 30,Topic 31,Topic 32,Topic 33,Topic 34,Topic 35,Topic 36,Topic 37,Topic 38,Topic 39,Topic 40,Topic 41,Topic 42,Topic 43,Topic 44,Topic 45,Topic 46,Topic 47,Topic 48,Topic 49,Topic 50
switch,switch,work,controller,switch,switch,switch,switch,switch,switch,switch,work,light,switch,switch,switch,neutral,work,outlet,great,switch,switch,light,box,switch,wire,wire,switch,switch,work,switch,switch,switch,switch,plug,work,switch,work,hub,work,hub,switch,wire,plate,easy,switch,work,home,outlet,work
pair,light,switch,switch,smartthings,wire,light,light,wire,work,work,wink,switch,light,wave,wire,easily,wink,wave,work,light,light,device,switch,device,wave,work,light,work,great,good,wa,work,light,work,great,wave,super,work,light,work,wa,switch,work,install,light,great,awesome,work,great
install,wire,wa,vera,work,work,work,wa,light,light,wa,great,plug,wa,box,light,worked,great,switch,switch,dimmer,box,switch,neutral,issue,device,device,work,led,switch,home,smartthings,light,worked,switch,controller,need,easy,light,wave,wink,work,neutral,cover,work,wire,connected,work,wa,light
easy,way,great,work,hub,like,wa,smart,neutral,wa,receptacle,outlet,like,wire,light,work,work,control,home,product,control,home,work,wire,wa,switch,neutral,great,zwave,home,product,hub,way,wire,pretty,house,hub,problem,switch,box,easy,smartthings,light,switch,wa,wa,hardware,wire,isn,easy
controller,device,wire,outlet,wa,light,turn,work,box,wave,doe,perfect,dimmer,ge,work,wa,home,turn,module,use,wa,outlet,use,older,wave,easy,switch,wink,use,hub,installed,outlet,working,setup,item,install,work,switch,wa,control,great,hub,connect,face,pulse,neutral,store,connect,wiring,install
wa,add,need,wire,love,box,wave,wink,wa,going,nexia,far,zwave,work,wa,neutral,pick,installed,night,easy,lighting,wave,outlet,fit,buy,work,wave,hub,wa,product,light,product,wa,work,worked,home,neutral,thing,outlet,smartthings,install,home,white,fit,installation,turn,switch,switch,ge,alexa
wire,work,vera,great,wire,neutral,like,hub,add,home,including,wa,turn,wave,install,great,wire,device,light,problem,master,control,smartthings,wa,hub,outlet,expected,led,kitchen,box,easy,easy,great,flawlessly,lamp,wiring,light,love,smartthings,ge,switch,jasco,box,light,advertised,box,light,box,device,turn
box,great,issue,easy,installed,wa,house,bulb,way,dimmer,ground,paired,wa,way,turn,sure,tad,easily,controller,light,bulb,wire,turn,thing,control,pairing,use,installed,light,light,wire,room,wave,easy,hub,function,wire,great,wave,fit,wa,product,home,box,light,work,outlet,extra,control,schedule
nice,smart,device,lite,great,control,great,wire,need,control,use,hand,toggle,box,great,way,kitchen,hub,work,house,smartthings,minute,smart,work,box,need,little,room,wave,smartthings,box,work,use,perfect,control,installed,box,turn,install,switch,smart,support,instruction,great,adt,easy,loud,turn,set,wall
turn,home,installing,installation,easy,led,led,ge,work,fan,great,match,level,control,easy,common,zwave,wave,timer,wave,zwave,installed,hub,gang,little,wa,smartthings,control,bulb,outlet,install,home,product,ge,haven,light,great,install,need,blue,use,install,ground,wa,control,home,noise,zwave,easy,wa

Data size,Topics,no_above,Chunksize,Passes,Iteration
5000,50,0.9,2000,5,200

Topic 1,Topic 2,Topic 3,Topic 4,Topic 5,Topic 6,Topic 7,Topic 8,Topic 9,Topic 10,Topic 11,Topic 12,Topic 13,Topic 14,Topic 15,Topic 16,Topic 17,Topic 18,Topic 19,Topic 20,Topic 21,Topic 22,Topic 23,Topic 24,Topic 25,Topic 26,Topic 27,Topic 28,Topic 29,Topic 30,Topic 31,Topic 32,Topic 33,Topic 34,Topic 35,Topic 36,Topic 37,Topic 38,Topic 39,Topic 40,Topic 41,Topic 42,Topic 43,Topic 44,Topic 45,Topic 46,Topic 47,Topic 48,Topic 49,Topic 50
wa,unit,heater,day,wemo,wire,light,wi,wire,working,fan,adt,year,switch,awesome,turn,set,belkin,echo,home,light,plug,christmas,time,switch,outlet,lamp,insteon,hub,switch,cold,wifi,money,switch,device,switch,work,nexia,easy,switch,website,work,wa,great,work,wifi,phone,paired,support,work
wemo,item,work,tv,echo,switch,turn,fi,lose,month,device,work,use,xmas,software,light,timer,wemo,amazon,automation,controlling,smart,work,apple,box,wave,turn,zwave,wink,wave,light,router,waste,wire,app,rule,smartthings,integration,install,device,work,price,light,work,expected,wa,password,right,customer,far
app,return,use,light,app,neutral,control,work,screw,stopped,control,pulse,outdoor,battery,instruction,love,easy,plug,wa,smart,auto,link,advertised,iphone,light,plug,room,smaller,location,ge,turn,work,work,light,android,work,hub,work,work,wall,better,alarm,power,product,fun,connect,wa,easily,service,product
device,product,unit,worked,switch,line,outside,wa,click,stuff,work,great,water,discover,set,alexa,home,use,dot,work,poor,work,tree,work,wire,module,light,network,wave,constantly,patio,good,save,add,connect,io,alexa,10,great,wa,won,great,switch,thing,probably,hour,morning,work,week,perfectly
update,returned,light,second,amazon,wa,sunset,ipad,terminal,level,switch,like,program,device,bulky,use,control,power,purchased,product,low,tp,light,use,fit,pump,app,want,work,installation,fully,network,programming,way,phone,wa,great,automate,setup,controller,time,turning,need,smart,reliably,product,turn,floor,help,issue
switch,day,set,motion,alexa,load,set,router,switch,cheaper,speed,amazing,button,need,kindle,switch,security,ac,work,great,outdoor,app,great,pain,wa,device,use,new,switch,like,switch,gave,cost,power,connected,app,product,hate,pair,pool,instruction,future,box,doe,allows,network,connected,tablet,product,working
time,ve,control,problem,wifi,box,remote,forget,need,worked,automatic,easy,work,information,paid,tell,recommend,better,christmas,wa,unfortunately,terrible,unplug,reach,way,controller,home,quit,range,smart,guess,le,bought,wiring,connection,think,excellent,changing,super,use,start,light,installed,little,appliance,support,light,sale,called,time
reset,work,foot,later,work,ground,lamp,doe,extra,gift,restart,add,haven,given,tricky,bedroom,away,like,turn,wish,hoping,wa,worked,holiday,gang,led,wa,winter,multiple,fact,house,mini,ability,neutral,setup,ve,control,understand,perfect,ha,life,apartment,turn,technology,sound,time,moved,cool,wa,camera
firmware,purchase,away,sensor,command,need,outlet,signal,moment,bought,high,charm,easy,manage,frustration,bed,highly,piece,tell,wake,work,idea,bought,respond,like,control,living,better,garage,non,sure,socket,worth,ge,switch,like,setup,electric,set,wave,switch,home,forgot,connected,landscape,tried,switch,away,tech,ha
network,connection,consistently,time,voice,installed,use,job,design,disconnect,setting,use,ha,way,application,home,took,mean,certain,switch,voltage,product,plug,set,ge,use,ifttt,signal,wa,page,dimming,recommended,switch,wa,alexa,set,samsung,spend,wa,way,option,phone,unit,getting,create,internet,need,smartthings,fix,ve

Data size,Topics,no_above,Chunksize,Passes,Iteration
10000,50,0.9,2000,5,200

Topic 1,Topic 2,Topic 3,Topic 4,Topic 5,Topic 6,Topic 7,Topic 8,Topic 9,Topic 10,Topic 11,Topic 12,Topic 13,Topic 14,Topic 15,Topic 16,Topic 17,Topic 18,Topic 19,Topic 20,Topic 21,Topic 22,Topic 23,Topic 24,Topic 25,Topic 26,Topic 27,Topic 28,Topic 29,Topic 30,Topic 31,Topic 32,Topic 33,Topic 34,Topic 35,Topic 36,Topic 37,Topic 38,Topic 39,Topic 40,Topic 41,Topic 42,Topic 43,Topic 44,Topic 45,Topic 46,Topic 47,Topic 48,Topic 49,Topic 50
product,adt,wifi,perfectly,set,programming,echo,unit,wink,switch,turn,light,week,good,plug,reach,minute,pack,power,switch,switch,hour,switch,switch,working,update,setting,module,use,price,light,wa,company,wemo,appliance,hub,room,remote,save,love,light,work,wa,decoration,year,downstairs,lamp,switch,battery,product
work,outdoor,network,work,easy,getting,amazon,extremely,hub,light,light,turn,office,water,wall,hard,wi,iphone,outlet,rule,wire,trying,light,apartment,month,plugging,absolutely,device,floor,product,christmas,money,fantastic,app,wireless,work,light,outlet,useful,heater,turn,great,upstairs,number,android,table,turn,wall,door,customer
great,pulse,connect,paired,work,trouble,etekcity,security,code,button,alexa,night,pleased,50,plugged,furniture,fi,time,strip,device,box,gift,link,prong,stopped,firmware,change,wave,easy,good,tree,waste,purpose,belkin,access,home,turn,button,reprogram,internet,convenient,easy,time,review,haven,operate,room,like,garage,wa
advertised,alarm,device,gadget,worked,need,work,spot,pair,life,bed,house,idea,nice,work,friend,setup,apps,receiver,app,wa,device,bulb,pairing,worked,designed,com,controller,love,quality,turn,piece,work,switch,password,smart,home,control,electricity,space,control,install,tried,wa,version,location,plugged,fit,remote,service
excellent,light,router,easily,bought,feel,alexa,definitely,multiple,turn,room,time,wife,feature,like,place,took,got,size,way,neutral,reset,socket,light,ago,x10,ups,io,fan,work,click,time,huge,work,lost,awesome,use,use,overhead,modem,use,doe,button,channel,half,device,button,chair,signal,support
exactly,work,connected,seller,setup,like,wa,energy,ok,easier,bedroom,programmed,day,running,remote,work,month,set,wall,wa,light,time,lighting,time,wa,upgrade,totally,time,house,insteon,use,new,coming,phone,amazing,smartthings,living,room,electronics,morning,dark,job,got,different,entire,sync,turning,single,device,device
described,drop,app,soon,flawlessly,electric,wemo,family,add,power,switch,tv,order,attached,handy,thing,failed,sale,plugged,set,wave,try,led,home,fine,round,set,rf,turn,arrived,great,individually,time,device,returned,great,set,having,people,thanks,room,fine,push,switch,received,gave,device,large,need,update
wish,add,connection,given,far,year,switch,extra,follow,think,living,set,buy,watt,smart,adapter,time,multiple,cover,time,way,work,control,second,right,technology,local,home,dot,controller,hooked,pre,despite,setup,work,highly,like,different,lot,control,home,pair,wouldn,need,older,buy,living,thing,yes,time
doe,mini,switch,sending,ve,range,voice,worth,web,press,cord,holiday,wa,offer,area,apple,work,ve,use,turn,add,tech,wall,fall,window,helpful,default,power,light,range,outside,box,product,smart,touch,perfect,lamp,turn,radio,hot,night,like,thought,problem,ve,foot,wa,originally,solution,replacement
wonderful,buying,reset,giving,use,solid,command,twice,usage,work,extension,leave,pi,power,cell,use,away,turn,big,like,wiring,instruction,dimmer,want,bought,year,8,use,want,best,work,junk,shipping,product,stop,recommend,able,ve,solution,xmas,house,use,able,rating,house,range,set,especially,like,firmware

Data size,Topics,no_above,Chunksize,Passes,Iteration
20000,50,0.9,2000,5,200

Topic 1,Topic 2,Topic 3,Topic 4,Topic 5,Topic 6,Topic 7,Topic 8,Topic 9,Topic 10,Topic 11,Topic 12,Topic 13,Topic 14,Topic 15,Topic 16,Topic 17,Topic 18,Topic 19,Topic 20,Topic 21,Topic 22,Topic 23,Topic 24,Topic 25,Topic 26,Topic 27,Topic 28,Topic 29,Topic 30,Topic 31,Topic 32,Topic 33,Topic 34,Topic 35,Topic 36,Topic 37,Topic 38,Topic 39,Topic 40,Topic 41,Topic 42,Topic 43,Topic 44,Topic 45,Topic 46,Topic 47,Topic 48,Topic 49,Topic 50
minute,wi,io,home,wa,good,power,product,product,time,connection,app,doe,switch,remote,work,light,range,iphone,module,outlet,switch,alexa,rule,free,expected,belkin,easy,wifi,support,app,said,plug,outdoor,hub,turn,working,wireless,socket,plug,room,homekit,update,fan,review,month,returned,wa,item,model
10,fi,app,timer,tried,work,password,work,recommend,set,reach,use,exactly,power,lamp,great,turn,controller,wa,wave,power,box,work,button,energy,work,unit,set,network,update,device,given,smart,outside,pair,light,router,tablet,better,cord,living,apple,heater,useful,money,6,work,click,price,green
second,tv,step,automation,time,perfect,change,great,excellent,timer,best,set,easier,light,turn,echo,house,signal,device,timer,control,wire,love,controlling,think,far,start,wa,connect,product,wemo,moved,use,great,work,switch,reset,quickly,reliable,sure,walk,siri,firmware,use,waste,friend,lose,error,function,added
floor,thank,year,light,hour,perfectly,forward,advertised,want,android,bulb,easy,life,like,button,amazon,great,garage,ipad,account,wall,wa,great,unit,play,little,downloaded,christmas,connected,firmware,link,totally,cool,worked,smartthings,morning,got,foot,fast,design,office,work,happy,fun,code,help,usb,trying,order,particular
hit,happens,smaller,feature,product,highly,straight,awesome,command,schedule,ordered,alexa,work,device,light,dot,home,pump,wion,old,use,install,like,set,stop,le,ac,setup,wa,tech,tp,auto,thing,lighting,paired,use,ve,pack,connectivity,extension,junk,koogeek,supposed,family,wa,ha,intended,figure,brand,updating
took,connection,smartphone,use,worked,recommended,need,described,device,turn,convenient,turn,job,doe,use,easy,love,distance,extremely,track,unit,installed,charm,unplugged,huge,definitely,switch,install,setting,service,kasa,especially,like,week,wink,time,day,purpose,device,hard,wa,idevices,version,gadget,helpful,issue,surge,wouldn,work,called
group,router,wish,away,return,user,intuitive,coffee,stuff,phone,wall,control,oh,wa,control,use,control,door,work,operation,big,neutral,bought,started,store,longer,remotely,tree,device,customer,router,blink,bulky,work,pairing,day,stopped,control,trouble,pleased,kit,software,hue,control,bad,save,ready,gave,bought,bar
wait,twice,usage,switch,support,quality,ordering,time,camera,ifttt,pain,phone,needed,monitor,bedroom,product,able,ease,difficult,alarm,plugged,screw,buy,time,channel,cost,luck,super,phone,company,phone,originally,wall,light,smart,air,time,liked,absolutely,interface,window,home,use,overall,thing,drop,port,cheaper,gift,bonus
switch,attached,ago,google,work,friendly,remember,price,buy,option,switch,light,unlike,led,room,setup,use,device,skill,programming,cover,need,ask,hold,anymore,half,forget,work,work,issue,time,factory,device,holiday,unplug,address,power,tap,getting,price,unit,iphone,work,satisfied,web,work,required,frustrating,soon,finding
15,switch,terrible,vacation,unit,instruction,reboot,etekcity,good,sunset,loses,wa,considering,control,bed,fine,dark,solved,lost,sitting,strip,add,flawlessly,setting,useless,setup,enter,program,time,fix,setup,insteon,pretty,control,samsung,wa,won,designed,ability,haven,account,device,space,like,piece,worked,nest,sound,buying,beta

Data size,Topics,no_above,Chunksize,Passes,Iteration
40000,50,0.9,2000,5,200

Topic 1,Topic 2,Topic 3,Topic 4,Topic 5,Topic 6,Topic 7,Topic 8,Topic 9,Topic 10,Topic 11,Topic 12,Topic 13,Topic 14,Topic 15,Topic 16,Topic 17,Topic 18,Topic 19,Topic 20,Topic 21,Topic 22,Topic 23,Topic 24,Topic 25,Topic 26,Topic 27,Topic 28,Topic 29,Topic 30,Topic 31,Topic 32,Topic 33,Topic 34,Topic 35,Topic 36,Topic 37,Topic 38,Topic 39,Topic 40,Topic 41,Topic 42,Topic 43,Topic 44,Topic 45,Topic 46,Topic 47,Topic 48,Topic 49,Topic 50
alexa,good,issue,outlet,link,plug,tv,device,security,complaint,switch,wa,wifi,life,socket,hub,long,returning,easy,working,maybe,echo,turn,router,power,wish,support,account,wemo,awesome,unit,iphone,fan,usb,light,christmas,update,work,design,love,great,away,quality,app,instruction,switch,dot,product,software,plug
app,price,far,remote,tp,outlet,code,skill,especially,isn,wire,tried,connect,mobile,better,home,forget,required,set,schedule,start,amazon,light,connection,strip,future,product,money,app,perfect,perfectly,app,range,nice,turn,light,mini,advertised,outside,home,work,phone,longer,phone,follow,light,echo,item,user,smart
set,product,problem,control,kasa,wall,play,app,camera,lose,box,work,network,currently,small,automation,server,hook,setup,month,second,work,time,wifi,belkin,size,tech,hard,switch,doe,work,apple,window,port,room,tree,firmware,io,plugging,google,alexa,wa,10,wi,review,dimmer,got,purchase,error,recommend
control,work,ve,use,bulb,big,ok,setup,access,coffee,light,time,connected,wonderful,block,best,sound,seller,work,internet,time,excellent,timer,network,surge,smaller,password,worth,ifttt,work,old,homekit,air,reliable,lamp,ihome,service,hope,responsive,simple,product,app,forward,fi,read,like,wa,happy,select,home
easy,tuya,work,button,pack,use,application,process,absolutely,website,neutral,worked,work,single,appliance,brand,prong,lazy,use,stopped,stop,fast,set,wireless,plugged,piece,email,waste,device,exactly,control,work,heater,charging,use,wife,week,thanks,led,control,fine,right,sync,android,know,wa,ordered,recommend,stand,use
voice,far,ha,second,smart,fit,number,function,fantastic,individual,wa,day,connecting,configured,usage,pair,machine,sleep,install,reset,20,expected,app,signal,ac,junk,customer,reach,ghz,needed,lighting,integration,extender,enter,house,nest,new,4ghz,live,able,little,downloaded,high,setting,direction,way,pleased,described,activate,highly
smart,quality,haven,different,compact,cord,hue,enabled,offline,satisfied,install,able,home,feel,like,smartthings,stated,hassle,wa,time,wait,recommended,home,smartphone,ha,continue,replacement,manage,insight,operate,timer,ipad,space,handy,bedroom,turn,sent,trouble,avoid,thing,buy,looking,straight,device,like,wall,breeze,buy,ability,phone
download,charge,purchasing,size,alexa,large,named,add,definitely,overall,white,try,doe,wouldn,cheaper,need,50,guy,app,worked,line,highly,day,issue,energy,mac,received,factor,phone,thank,worked,home,office,stay,living,year,review,store,inside,ordering,like,plugged,functionality,step,people,installed,extremely,convenient,buggy,control
wa,pretty,month,press,monitoring,cover,battery,initial,like,cheap,wiring,got,setup,husband,price,work,blinking,expect,alexa,ha,save,product,feature,band,monitor,hardware,help,form,data,supposed,light,koogeek,conditioner,sensor,love,lol,hour,total,safe,phone,getting,cell,designed,work,said,ha,useful,purchased,flash,turn
minute,deal,fine,lamp,individually,need,description,scene,point,actually,electrical,hour,won,loved,impressed,user,load,noise,super,interface,reset,hooked,sunset,connectivity,protector,address,called,helped,permission,integrate,etekcity,siri,cool,liked,bed,favorite,customer,rename,operation,house,thing,mode,solid,instruction,simple,bulb,linked,amazing,excited,cool

Data size,Topics,no_above,Chunksize,Passes,Iteration
20000,50,0.1,2000,5,200

Topic 1,Topic 2,Topic 3,Topic 4,Topic 5,Topic 6,Topic 7,Topic 8,Topic 9,Topic 10,Topic 11,Topic 12,Topic 13,Topic 14,Topic 15,Topic 16,Topic 17,Topic 18,Topic 19,Topic 20,Topic 21,Topic 22,Topic 23,Topic 24,Topic 25,Topic 26,Topic 27,Topic 28,Topic 29,Topic 30,Topic 31,Topic 32,Topic 33,Topic 34,Topic 35,Topic 36,Topic 37,Topic 38,Topic 39,Topic 40,Topic 41,Topic 42,Topic 43,Topic 44,Topic 45,Topic 46,Topic 47,Topic 48,Topic 49,Topic 50
cool,update,multiple,big,tv,doe,way,lamp,amazon,hooked,link,timer,code,year,fan,connected,remote,wire,wall,item,connect,couldn,review,iphone,price,good,power,energy,let,little,saying,instruction,christmas,happy,definitely,box,router,schedule,range,homekit,wemo,fine,hub,recommend,button,io,heater,room,reset,working
pretty,firmware,ll,deal,amazing,perfectly,high,hard,voice,future,tp,rule,pump,unit,appliance,stay,unit,install,convenient,nice,network,network,design,ipad,socket,far,week,neo,review,bit,message,hour,wi,le,user,fit,software,remotely,signal,apple,ifttt,dot,paired,highly,click,lighting,easier,lamp,pair,month
android,belkin,ve,ok,impressed,money,good,remote,command,cheaper,kasa,sunset,hot,bought,useful,day,access,neutral,bed,advertised,connection,smaller,unit,setting,worked,outdoor,working,usage,random,remote,machine,tech,fi,minute,fun,reach,new,automatically,foot,siri,insight,charm,smartthings,super,press,bulb,life,living,return,network
downloaded,support,pain,tablet,luck,waste,quality,floor,dot,state,amazon,start,house,ago,morning,office,breeze,need,getting,perfect,tried,technology,point,wion,expected,exactly,strip,unit,look,bulky,person,help,tree,extremely,cost,cover,issue,timer,away,koogeek,block,issue,automation,especially,push,led,space,awesome,unplug,stopped
ac,network,disconnect,coffee,unplugged,worth,drop,second,google,allow,terrible,old,configured,ve,controlling,convenience,able,wiring,thing,program,connected,probably,apartment,error,excellent,outside,respond,window,want,controlled,said,follow,customer,programming,friendly,standard,account,allows,garage,idevices,cord,connecting,easily,recommended,thanks,kit,hit,bedroom,process,reliable
stuff,issue,hoping,plugged,late,supposed,low,family,ask,decoration,receiver,wanted,winter,month,complaint,want,extra,screw,idea,buy,took,apps,ve,wink,flawlessly,bought,plugged,ankuoo,away,location,saw,support,service,10,disappointed,wall,connectivity,vacation,ordering,feature,extension,lost,connects,best,hold,application,com,house,step,described
play,reset,initial,model,sensor,job,value,forward,compatible,buying,review,setting,entire,battery,making,lazy,right,load,house,wish,got,thing,people,address,returned,christmas,outage,air,totally,different,nest,spent,email,option,helpful,electrical,need,water,happens,better,better,problem,operation,monitor,watch,pack,kind,bed,junk,password
thing,router,going,ready,offer,free,group,quick,bought,electric,brand,minute,blink,replacement,number,place,need,ge,live,simple,internet,think,band,minute,good,problem,delay,camera,main,distance,need,direction,support,holiday,regular,hard,android,create,door,scheduling,android,worked,needed,frustrating,green,hue,ha,dark,tried,worked
huge,problem,day,prong,motion,save,need,table,integration,understand,similar,feature,appear,purchased,ha,2nd,switched,white,large,fantastic,trying,fact,functionality,called,ha,gift,stop,electricity,scene,controller,electronic,website,received,etekcity,dog,package,download,change,wall,interface,mobile,son,required,ability,open,furniture,toggle,night,piece,ha
responsive,connection,line,maker,upstairs,adapter,order,smartphone,sync,negative,doe,sunrise,hardware,completely,simply,away,away,black,sleep,handy,able,expect,rating,7,fast,house,daily,ha,know,world,restart,configure,company,took,thought,plate,4ghz,certain,loses,version,garbage,install,wave,kid,plugged,husband,cold,having,worked,6

Data size,Topics,no_above,Chunksize,Passes,Iteration
20000,50,0.5,2000,5,200

Topic 1,Topic 2,Topic 3,Topic 4,Topic 5,Topic 6,Topic 7,Topic 8,Topic 9,Topic 10,Topic 11,Topic 12,Topic 13,Topic 14,Topic 15,Topic 16,Topic 17,Topic 18,Topic 19,Topic 20,Topic 21,Topic 22,Topic 23,Topic 24,Topic 25,Topic 26,Topic 27,Topic 28,Topic 29,Topic 30,Topic 31,Topic 32,Topic 33,Topic 34,Topic 35,Topic 36,Topic 37,Topic 38,Topic 39,Topic 40,Topic 41,Topic 42,Topic 43,Topic 44,Topic 45,Topic 46,Topic 47,Topic 48,Topic 49,Topic 50
power,network,working,price,happy,open,support,remote,wish,doe,lamp,smartphone,link,fan,io,plugged,life,iphone,box,update,cool,buy,wi,little,christmas,controller,away,feature,nice,minute,button,connect,hour,perfectly,schedule,security,bought,good,setting,energy,homekit,unit,software,hub,amazon,tv,wemo,awesome,recommend,instruction
water,connection,month,battery,purchase,garage,customer,bedroom,mobile,bulky,room,pair,tp,modem,code,came,ability,company,wire,android,thing,won,fi,socket,tree,allows,thought,server,bed,timer,click,router,trying,advertised,perfect,camera,function,hard,couldn,worth,apple,timer,application,looking,dot,expected,network,exactly,install,follow
described,internet,worked,expensive,wall,door,password,room,4ghz,supposed,living,plugging,kasa,cable,store,smaller,usage,appliance,neutral,firmware,ipad,want,buying,bit,outdoor,family,signal,scene,house,took,press,reset,tech,far,voice,address,item,big,user,money,siri,old,window,smartthings,able,best,insight,needed,simple,wion
hot,connected,ve,good,band,pleased,returned,heater,hook,skill,floor,recognize,belkin,enjoy,apps,left,live,review,screw,issue,pretty,play,plan,difficult,unplug,receiver,reconnect,configuration,amazing,ifttt,programming,tried,service,excellent,outside,holiday,fact,reach,charm,cheaper,koogeek,year,air,future,haven,bulb,access,friend,highly,account
vacation,neo,got,strong,solid,end,email,night,gadget,job,bought,loved,ac,access,7,receptacle,let,ask,install,week,tell,junk,definitely,fantastic,wink,foot,mini,fixed,dark,10,number,return,ok,program,command,giving,gift,quality,easier,website,idevices,etekcity,schedule,forward,handy,fast,router,pump,super,read
outage,issue,fine,anymore,packaging,intended,replacement,come,allow,extra,thing,market,monitor,internet,pack,box,relatively,ready,need,ha,fun,piece,ll,operate,hub,distance,guess,port,walk,automatically,randomly,block,finally,worked,lighting,kid,purchased,size,figure,ordered,compatible,ha,buggy,group,kit,apartment,setting,described,recommended,review
stop,connect,day,house,stand,turned,received,wall,decoration,add,house,need,machine,usb,8,right,ha,test,wiring,version,iphone,need,soon,getting,bought,range,error,real,coffee,sunset,location,second,help,extremely,reliable,controlling,purchasing,cord,pain,cost,design,module,ve,hooked,cell,led,connected,designed,sync,google
ha,wireless,stopped,min,lower,poor,told,button,fountain,prong,turning,impressed,power,thing,wife,making,huge,amazon,electrical,iphone,tap,wait,area,large,4g,unplugged,know,initial,convenience,rule,hold,try,support,flawlessly,house,create,constantly,cover,model,ordering,ha,remote,furniture,automation,free,son,process,lost,quick,direction
timer,connectivity,ha,guy,state,mind,said,having,negative,word,different,unreliable,discover,step,10,literally,placed,rating,wall,downloaded,lazy,thing,probably,idevice,string,wave,channel,switching,thank,feature,multiple,worked,spent,easily,convenient,shut,house,fit,friendly,bluetooth,color,problem,believe,response,problem,hue,connecting,impossible,gave,luck
stay,doe,problem,moved,reason,close,problem,want,technology,basically,able,router,minute,ceiling,somewhat,dual,register,hope,installed,updated,think,going,complaint,liked,year,remote,message,simply,arrived,le,different,day,got,morning,option,mac,wanted,extension,hand,save,better,wireless,configure,wonderful,interface,configure,connect,short,spot,called

Data size,Topics,no_above,Chunksize,Passes,Iteration
20000,50,0.9,2000,5,200

Topic 1,Topic 2,Topic 3,Topic 4,Topic 5,Topic 6,Topic 7,Topic 8,Topic 9,Topic 10,Topic 11,Topic 12,Topic 13,Topic 14,Topic 15,Topic 16,Topic 17,Topic 18,Topic 19,Topic 20,Topic 21,Topic 22,Topic 23,Topic 24,Topic 25,Topic 26,Topic 27,Topic 28,Topic 29,Topic 30,Topic 31,Topic 32,Topic 33,Topic 34,Topic 35,Topic 36,Topic 37,Topic 38,Topic 39,Topic 40,Topic 41,Topic 42,Topic 43,Topic 44,Topic 45,Topic 46,Topic 47,Topic 48,Topic 49,Topic 50
link,lamp,application,user,super,router,install,homekit,worked,power,item,good,nice,expected,exactly,button,working,remote,hour,voice,timer,recommend,iphone,price,perfectly,dot,hub,cover,connect,especially,excellent,schedule,wi,automation,socket,different,thing,support,little,house,amazon,wemo,unit,program,wire,house,doe,cost,glad,thing
network,room,lose,change,happy,reset,simple,apple,fine,update,wish,best,awesome,ok,looking,click,month,lighting,trying,internet,controller,minute,money,block,energy,tv,hard,big,help,coming,easier,bedroom,fi,io,tablet,location,won,belkin,job,range,advertised,insight,software,fan,box,perfect,timer,tech,fully,pain
tp,living,respond,usage,handy,connection,android,siri,right,tree,ipad,fast,convenient,tell,described,pair,far,recommended,finally,command,wave,took,heater,design,save,sync,reach,difficult,hope,prong,setting,night,apartment,connected,door,cord,ll,update,wait,outside,return,amazon,allows,number,neutral,christmas,feature,company,rating,need
kasa,ifttt,solution,vacation,bulky,connect,installation,koogeek,couldn,christmas,convenience,fun,power,hooked,needed,press,year,second,instruction,amazon,pump,highly,waste,bit,downloaded,hit,wink,power,disconnect,older,life,bed,cell,issue,garage,extension,smaller,customer,programming,dark,ordered,forward,create,code,screw,cool,sunset,free,linked,thought
access,plugged,isn,power,receiver,tried,extremely,idevices,bought,account,coffee,pretty,reliable,complaint,future,junk,ve,bought,tried,scene,module,le,buy,floor,breeze,gadget,24,plugged,helpful,consistently,new,scheduling,adding,plan,monitor,multiple,fit,service,channel,walk,neo,family,group,programmed,wiring,amazing,minute,support,handle,random
password,wall,function,friendly,upstairs,network,instruction,iphone,issue,firmware,thank,far,strip,totally,arrived,led,week,charm,took,ac,mini,configure,space,cheaper,window,soon,nest,size,experience,particular,band,able,compatible,smartthings,accessory,pack,wall,firmware,haven,away,returned,better,unplugged,battery,wall,definitely,rule,liked,auto,kind
connect,turning,single,remotely,downstairs,day,amazon,integration,flawlessly,address,smartphone,appliance,useful,sale,brand,push,ha,wall,setting,4ghz,receptacle,fantastic,piece,better,figured,review,choose,second,50,recently,pairing,leave,suck,hub,separate,short,stay,review,instantly,foot,disappointed,iphone,problem,specific,white,outdoor,wion,today,excited,making
doe,remote,people,schedule,overall,worked,water,randomly,unplug,constantly,maker,quality,operate,lack,monitoring,turned,worked,wireless,try,google,hot,hook,offline,little,video,going,need,correct,manage,business,idea,office,problem,connectivity,open,large,probably,android,manual,having,purchased,setting,appear,simple,need,turning,follow,high,15,remember
error,table,feel,setting,bit,wireless,pleased,enabled,connecting,state,adapter,interface,little,fixed,satisfied,bulb,stopped,highly,thing,morning,lower,etekcity,occasionally,compared,programmable,anymore,thing,deal,restart,individually,version,feature,beat,drop,failed,port,way,issue,confusing,wall,worked,connected,individual,ready,installed,holiday,day,terrible,search,live
remotely,bought,close,2016,able,start,quick,need,ask,outage,purchased,distance,instead,obviously,buy,zero,problem,easily,process,plugging,controlled,received,winter,furniture,losing,bought,pool,wall,x10,dimmer,ha,shut,security,idevice,signal,end,mean,problem,walking,kitchen,thanks,straight,quit,box,electrical,friend,skill,option,special,happened

Data size,Topics,no_above,Chunksize,Passes,Iteration
20000,50,0.9,500,5,200

Topic 1,Topic 2,Topic 3,Topic 4,Topic 5,Topic 6,Topic 7,Topic 8,Topic 9,Topic 10,Topic 11,Topic 12,Topic 13,Topic 14,Topic 15,Topic 16,Topic 17,Topic 18,Topic 19,Topic 20,Topic 21,Topic 22,Topic 23,Topic 24,Topic 25,Topic 26,Topic 27,Topic 28,Topic 29,Topic 30,Topic 31,Topic 32,Topic 33,Topic 34,Topic 35,Topic 36,Topic 37,Topic 38,Topic 39,Topic 40,Topic 41,Topic 42,Topic 43,Topic 44,Topic 45,Topic 46,Topic 47,Topic 48,Topic 49,Topic 50
internet,wall,fan,night,button,amazon,issue,wi,block,long,network,remote,price,timer,reliable,pretty,instruction,support,got,router,signal,minute,good,hub,design,setting,link,room,working,schedule,iphone,recommend,nice,box,number,homekit,simple,way,item,change,hard,christmas,lamp,tv,unit,siri,doe,feature,big,connect
unplug,socket,having,plugged,useful,dot,android,fi,account,help,wemo,wish,company,perfectly,multiple,cool,purchase,review,tell,hour,access,10,apple,advertised,power,install,tp,living,month,outdoor,update,trying,pair,wire,scene,koogeek,haven,connection,buy,vacation,looking,tree,cost,firmware,ok,io,power,flawlessly,wife,worked
quick,controlled,wireless,bedroom,supposed,tech,ipad,cord,sent,sync,connect,expected,purchased,function,power,fit,little,customer,thing,took,bad,automation,ordered,perfect,fantastic,buying,kasa,voice,stopped,happy,service,remotely,software,requires,code,far,skill,need,awesome,run,reach,bulb,want,hooked,window,running,connected,user,range,tried
usage,cover,let,bed,second,connecting,people,extension,tablet,downstairs,extremely,program,brand,direction,response,complaint,bit,return,energy,second,piece,better,quality,super,air,couldn,reset,house,ha,easily,option,highly,instead,add,review,problem,morning,said,money,completely,future,monitor,certain,wait,breeze,4ghz,away,ha,deal,fine
create,heater,step,kit,quickly,got,isn,luck,constantly,8,connected,exactly,bought,monitoring,password,feel,follow,day,easier,minute,solution,wion,especially,paired,way,amazing,online,command,ve,outside,free,gave,able,electrical,manual,idevices,case,thought,le,usb,walk,handy,plugged,address,holiday,fun,stay,convenient,probably,bought
mobile,appliance,figure,website,press,support,reason,started,message,desk,worth,smaller,buy,mode,connectivity,entire,difficult,reset,ask,connected,going,ifttt,recommended,configure,allow,compatible,consumption,best,6,needed,interface,scheduling,drop,old,waste,getting,pleased,green,updated,water,convenience,led,small,application,screen,wouldn,right,error,overall,excellent
smartphone,bulky,pairing,able,come,finally,lose,connection,family,upstairs,setting,extra,went,programming,strip,year,expensive,belkin,download,day,cloud,sunset,highly,seamlessly,gadget,integration,cell,dark,life,week,downloaded,idevice,manage,new,accessory,different,forget,line,hit,port,forward,live,kind,loses,enter,5ghz,frustrating,installation,plus,followed
charm,allows,figured,tap,usually,new,absolutely,left,ac,sign,click,ability,amazon,clear,ve,real,operate,issue,won,couple,stuff,added,designed,issue,screw,helpful,single,described,worked,lighting,returned,spent,obviously,zero,read,soon,install,terrible,bought,pump,door,thinking,ha,100,fixed,apps,purchasing,worked,version,connected
camera,space,watch,7,turned,simply,shut,patio,impressed,xmas,ghz,telling,longer,buggy,reset,expect,lost,email,returning,coffee,junk,30,mini,wink,low,security,liked,amazon,server,disappointed,waiting,given,evening,install,ha,available,test,provided,fact,hot,reliably,upgrade,site,correct,electric,hope,job,process,major,able
schedule,size,instantly,technology,happens,group,word,worry,totally,matter,neo,2nd,year,disconnected,experience,little,step,fast,turning,working,basic,start,store,seamless,wall,amazon,including,definitely,issue,worked,scan,trouble,stable,additional,information,currently,ihome,20,wrong,remember,open,house,place,kitchen,plugged,large,outage,required,foot,register

Data size,Topics,no_above,Chunksize,Passes,Iteration
20000,50,0.9,1000,5,200

Topic 1,Topic 2,Topic 3,Topic 4,Topic 5,Topic 6,Topic 7,Topic 8,Topic 9,Topic 10,Topic 11,Topic 12,Topic 13,Topic 14,Topic 15,Topic 16,Topic 17,Topic 18,Topic 19,Topic 20,Topic 21,Topic 22,Topic 23,Topic 24,Topic 25,Topic 26,Topic 27,Topic 28,Topic 29,Topic 30,Topic 31,Topic 32,Topic 33,Topic 34,Topic 35,Topic 36,Topic 37,Topic 38,Topic 39,Topic 40,Topic 41,Topic 42,Topic 43,Topic 44,Topic 45,Topic 46,Topic 47,Topic 48,Topic 49,Topic 50
install,function,wi,awesome,firmware,buy,dot,timer,user,thought,lamp,good,link,multiple,life,christmas,room,item,reliable,worked,cool,step,homekit,instruction,koogeek,support,fine,reset,outdoor,remote,ve,price,simply,working,recommend,wemo,response,amazon,password,button,connect,iphone,box,software,money,house,got,bedroom,network,plugged
advertised,hub,fi,big,version,minute,fan,doe,trouble,code,room,unit,tp,haven,bulb,tree,perfectly,reach,pair,week,pretty,definitely,router,follow,connected,customer,compatible,hard,tv,siri,far,brand,want,month,highly,belkin,quick,voice,required,block,power,schedule,wire,heater,day,year,hour,bed,wireless,strip
simple,appliance,took,thing,described,wish,wouldn,expected,rule,tablet,ifttt,remotely,kasa,different,clear,account,perfect,difficult,excellent,ipad,complaint,error,apple,let,getting,service,connectivity,integration,lighting,wall,socket,company,certain,worked,currently,network,cloud,command,spent,click,internet,android,wall,usage,wife,bought,io,night,security,signal
program,disconnect,connection,bulky,process,le,tell,exactly,connecting,handy,plugged,operate,setting,order,pump,sent,living,especially,charm,couple,forward,figure,update,read,access,review,useful,amazing,programmed,loses,come,cost,helpful,stopped,convenience,insight,sync,controlled,needed,cord,ability,outside,cover,office,waste,vacation,trying,convenient,website,power
super,allows,minute,little,couldn,10,amazon,away,allow,number,living,quality,tried,location,technology,add,house,live,range,ha,buying,fact,idevices,direction,stay,email,functionality,morning,hooked,house,ll,better,kind,ha,controller,interface,local,flawlessly,kept,large,connection,sunset,screw,power,unplug,hot,tech,having,scheduling,coffee
energy,smartthings,download,play,issue,took,monitor,feature,band,need,turning,nice,amazon,quickly,long,message,fantastic,friendly,monitoring,bought,tap,online,connect,review,point,day,skill,start,recommended,thing,thing,air,small,far,holiday,doe,second,fast,usually,power,7,feature,right,low,server,google,support,kit,ghz,longer
scene,zero,connect,design,apps,worth,drop,right,updated,want,ha,friend,ordered,solution,bluetooth,adding,leave,prong,100,issue,plan,figured,issue,open,neo,update,plus,piece,walk,world,house,best,respond,ok,ask,setting,resetting,bought,garbage,press,state,downloaded,apartment,current,free,water,bad,room,application,window
extremely,furniture,reconnect,deal,probably,expensive,inside,supposed,ve,example,word,hassle,return,purchase,glad,added,garage,downstairs,picture,purchased,straight,able,tried,lose,change,reset,mini,returning,easily,need,dark,randomly,fairly,happy,model,job,cover,automation,ihome,extension,green,address,need,space,accessory,old,help,stop,camera,wall
gadget,problem,store,size,future,price,available,gift,update,come,nice,packaging,wion,problem,instruction,worked,door,people,town,went,thing,family,connected,setting,looking,replacement,hand,lost,kid,value,idea,pro,look,frustrating,ordering,web,directly,hub,replaced,ac,outage,run,fit,wave,hit,ha,try,ease,smartphone,floor
consumption,reboot,second,wall,6,smaller,ready,hook,discover,case,connected,unplugged,disappointed,need,short,bought,forget,upstairs,quit,away,sound,attempt,problem,doe,fun,fix,separate,idevice,led,fan,half,compared,daily,bought,instantly,touch,4g,option,patio,plugging,understand,sunrise,electrical,com,save,waiting,returned,sleep,pleased,kitchen

Data size,Topics,no_above,Chunksize,Passes,Iteration
20000,50,0.9,2000,5,200

Topic 1,Topic 2,Topic 3,Topic 4,Topic 5,Topic 6,Topic 7,Topic 8,Topic 9,Topic 10,Topic 11,Topic 12,Topic 13,Topic 14,Topic 15,Topic 16,Topic 17,Topic 18,Topic 19,Topic 20,Topic 21,Topic 22,Topic 23,Topic 24,Topic 25,Topic 26,Topic 27,Topic 28,Topic 29,Topic 30,Topic 31,Topic 32,Topic 33,Topic 34,Topic 35,Topic 36,Topic 37,Topic 38,Topic 39,Topic 40,Topic 41,Topic 42,Topic 43,Topic 44,Topic 45,Topic 46,Topic 47,Topic 48,Topic 49,Topic 50
minute,homekit,password,support,compatible,couldn,described,wire,belkin,pair,network,unit,ordered,money,buying,install,company,away,way,connect,apartment,recommend,room,schedule,ok,hub,cool,house,connection,cost,setting,power,advertised,link,button,working,worked,remote,good,timer,hour,buy,christmas,wi,update,box,remote,amazing,wemo,outdoor
took,apple,number,customer,play,doe,wouldn,cover,stop,code,reset,socket,camera,waste,easily,convenient,review,signal,bulb,tried,air,highly,lamp,expected,absolutely,smartthings,pretty,bed,connecting,useful,instruction,heater,simple,tp,wion,item,perfectly,button,amazon,day,trying,wish,dot,fi,firmware,right,remotely,tell,router,lighting
le,siri,cord,service,paired,wife,holiday,wall,plugging,smartphone,issue,vacation,water,instruction,security,extremely,drop,foot,led,worked,conditioner,definitely,living,io,random,charm,hooked,night,lost,fast,change,apps,nice,kasa,coffee,day,month,tv,far,rule,spent,bit,tree,software,review,server,controlled,daily,network,outside
10,koogeek,difficult,android,pairing,supposed,returned,fit,frustrating,add,unplug,cell,running,extra,garage,future,hope,problem,end,try,way,function,fan,ifttt,pleased,required,getting,lamp,issue,usage,thing,office,voice,perfect,ac,stopped,bought,plugged,price,automatically,returning,haven,ask,neo,quality,mind,range,electric,internet,block
fantastic,idevices,application,amazon,wink,forward,constantly,box,impossible,list,account,better,hot,followed,helpful,wonderful,purchased,right,thing,connected,ge,pump,bedroom,sunset,waiting,glad,trouble,dark,solid,programmed,google,space,command,hard,gift,user,happy,wall,awesome,schedule,step,little,amazon,network,issue,cable,brand,kitchen,iphone,large
appliance,easier,wireless,tech,job,straight,gave,neutral,slow,scan,connectivity,group,thanks,clear,figured,liked,similar,far,coming,network,town,especially,program,download,piece,buggy,ipad,room,problem,price,android,know,exactly,reach,disappointed,ha,flawlessly,battery,excellent,manually,problem,bulky,bought,ankuoo,version,configured,good,house,access,controlling
scheduling,life,kit,replacement,issue,ordering,pain,screw,making,hear,process,model,received,zero,monitoring,channel,soon,wall,need,reset,single,area,family,idea,100,happens,handy,remote,failed,value,doe,need,super,reliable,junk,longer,purchase,power,best,terrible,support,smaller,turning,hardware,week,actually,location,main,connect,inside
click,iphone,extension,tablet,doe,garbage,attempt,standard,thing,fan,sync,intended,2nd,direction,near,entire,io,controller,going,review,charger,programming,operate,free,loved,breeze,hook,come,delay,guy,luck,electronics,amazon,follow,etekcity,window,ve,strip,bought,want,email,skill,house,store,ve,restart,reconnect,handle,connected,complaint
friend,scene,website,called,installation,tap,item,wiring,ha,automatic,second,unplugged,able,point,designed,offline,month,issue,remember,return,individual,looking,remote,monitor,total,samsung,interface,walk,error,seller,manual,thing,doe,iphone,idevice,randomly,year,second,buy,old,site,design,decoration,local,fine,flashing,loses,built,insight,string
15,downstairs,hue,contacted,wave,new,machine,need,unplugging,quit,need,plugged,fact,huge,door,super,order,distance,thought,day,travel,ease,able,iphone,rest,hassle,band,downloaded,ha,electricity,available,outage,little,arrived,quick,friendly,ha,size,thing,lose,failure,doe,linked,message,good,left,different,individually,connection,low

Data size,Topics,no_above,Chunksize,Passes,Iteration
20000,50,0.9,4000,5,200

Topic 1,Topic 2,Topic 3,Topic 4,Topic 5,Topic 6,Topic 7,Topic 8,Topic 9,Topic 10,Topic 11,Topic 12,Topic 13,Topic 14,Topic 15,Topic 16,Topic 17,Topic 18,Topic 19,Topic 20,Topic 21,Topic 22,Topic 23,Topic 24,Topic 25,Topic 26,Topic 27,Topic 28,Topic 29,Topic 30,Topic 31,Topic 32,Topic 33,Topic 34,Topic 35,Topic 36,Topic 37,Topic 38,Topic 39,Topic 40,Topic 41,Topic 42,Topic 43,Topic 44,Topic 45,Topic 46,Topic 47,Topic 48,Topic 49,Topic 50
good,pack,remote,remote,big,link,wish,house,support,tried,user,flawlessly,year,battery,pro,easier,wemo,christmas,room,bed,outside,right,cool,hour,isn,wire,homekit,bit,happy,install,money,problem,power,firmware,issue,design,power,recommend,connect,button,siri,nice,timer,hard,kasa,wi,controller,downstairs,hub,unit
simple,shut,wall,useful,review,tp,bulb,fan,customer,reset,hook,garage,ve,receiver,won,charm,network,socket,lamp,tv,outdoor,box,expected,got,color,box,apple,little,purchase,buy,waste,router,energy,update,fast,click,strip,super,router,remote,lamp,convenient,schedule,needed,instruction,fi,wave,machine,pair,working
price,power,fantastic,year,deal,amazon,smaller,remote,service,instruction,family,door,ha,pump,half,life,belkin,tree,living,night,channel,future,voice,trying,pin,neutral,idevices,amazon,function,doe,wonderful,signal,usage,loses,fine,power,plugged,heater,connection,neo,reach,handy,feature,high,follow,perfect,module,come,smartthings,month
quality,way,space,old,thing,ordered,version,dark,tech,junk,friendly,mini,air,water,doe,ok,android,awesome,dot,lamp,thing,cable,exactly,worked,ge,screw,koogeek,bulky,recommended,item,need,away,appliance,away,far,area,block,highly,tried,press,etekcity,able,day,way,operate,iphone,couldn,group,wink,stopped
power,number,wife,new,remote,sync,led,room,email,network,bought,wait,window,remote,guy,band,io,google,bedroom,remote,indoor,adt,command,described,way,wiring,ipad,play,forward,bought,crap,issue,reliable,connection,6,wall,lighting,hooked,reset,programmed,hard,thank,sunset,low,thanks,difficult,controlled,12,paired,worked
configure,daughter,second,skill,wall,worked,hue,leave,amazon,help,idevice,porch,month,run,pre,ability,update,plugged,excellent,remotely,cheaper,worked,amazon,day,dimmer,need,amazing,sale,scheduling,job,service,foot,apartment,second,response,button,size,able,connected,program,holiday,vacation,software,took,add,connection,vera,daily,pairing,minute
outage,10,range,house,ha,wemo,better,lamp,contacted,step,plan,worked,ac,line,ihome,separate,connect,bought,advertised,bedroom,inside,company,fun,spent,require,install,iphone,bluetooth,straight,amazon,help,office,cost,issue,ve,second,large,convenience,update,wion,ask,house,setting,doe,installation,impossible,insteon,warm,samsung,week
soon,extension,programmable,little,little,expect,review,walk,manufacturer,recognize,husband,little,failed,hot,way,basement,access,thing,amazon,want,need,pulse,definitely,return,delay,installed,compatible,stand,looking,location,excited,forget,monitor,perfectly,month,code,cover,electric,internet,outdoor,ha,waiting,automatically,quick,cord,parent,beat,individual,install,account
instruction,bought,adapter,xmas,number,compared,stated,gadget,review,connect,loved,worry,unit,sight,enabled,responsive,insight,worked,coffee,kid,weather,left,minute,finally,kind,load,integration,functionality,currently,pleased,cell,ha,way,ha,disappointed,unit,hand,totally,worked,lighting,button,forgot,application,frequency,furniture,friend,ha,want,connected,10
pretty,cord,thing,want,item,better,instead,floor,said,wireless,sensor,open,conditioner,ha,horrible,satisfied,setting,perfectly,bought,morning,signal,dont,pretty,connect,led,white,ifttt,coming,highly,com,suck,20,consumption,stop,problem,look,complaint,glad,setting,ankuoo,decoration,especially,sunrise,extra,wall,6,easiest,ha,ease,day

Data size,Topics,no_above,Chunksize,Passes,Iteration
20000,50,0.9,2000,1,200

Topic 1,Topic 2,Topic 3,Topic 4,Topic 5,Topic 6,Topic 7,Topic 8,Topic 9,Topic 10,Topic 11,Topic 12,Topic 13,Topic 14,Topic 15,Topic 16,Topic 17,Topic 18,Topic 19,Topic 20,Topic 21,Topic 22,Topic 23,Topic 24,Topic 25,Topic 26,Topic 27,Topic 28,Topic 29,Topic 30,Topic 31,Topic 32,Topic 33,Topic 34,Topic 35,Topic 36,Topic 37,Topic 38,Topic 39,Topic 40,Topic 41,Topic 42,Topic 43,Topic 44,Topic 45,Topic 46,Topic 47,Topic 48,Topic 49,Topic 50
reach,expected,group,convenient,remotely,android,bedroom,voice,house,amazon,wemo,cover,setting,router,advertised,dot,thing,awesome,update,remote,excellent,wemo,power,fine,install,useful,money,wi,long,link,hour,working,return,lamp,timer,feature,router,router,io,bed,tv,christmas,program,homekit,band,ifttt,amazing,belkin,definitely,internet
connect,cord,fairly,remote,shut,unit,got,command,bought,company,brand,holiday,change,garage,block,price,instruction,schedule,firmware,wall,heater,connect,plugged,network,wire,house,cost,fi,account,tp,item,reset,iphone,room,power,bulb,network,mini,configure,recommend,button,tree,appliance,apple,button,interface,energy,network,ve,access
5ghz,extension,discover,reliable,solution,support,happy,unit,convenience,customer,ve,ha,password,4ghz,wouldn,best,play,super,rule,design,nice,network,fan,issue,box,entire,waste,good,waiting,kasa,fast,week,network,living,room,smaller,address,reconnect,loses,highly,programming,perfect,battery,siri,bulky,handy,monitor,randomly,quality,wemo
signal,helpful,port,hot,come,good,lost,downstairs,looking,review,lose,consumption,network,door,hooked,amazon,website,outdoor,setting,pump,usage,connected,strip,got,need,sleep,ability,exactly,frustrating,perfectly,trying,month,response,remotely,remote,wish,support,prong,minute,night,daily,lamp,decoration,koogeek,pairing,especially,thank,wemo,ghz,downloaded
disconnect,connectivity,auto,water,ha,tried,worked,receiver,wonderful,support,etekcity,restart,doe,lamp,remote,ac,follow,cool,updated,user,smartphone,minute,button,worked,required,surge,order,neo,machine,schedule,function,worked,allows,remote,want,gift,update,almond,10,walk,hard,wife,fountain,socket,pleased,channel,bluetooth,4g,network,plugged
low,followed,electronic,controlled,power,buy,thanks,upstairs,fact,service,pretty,flashing,difficult,house,hidden,remote,try,far,issue,unit,office,try,apartment,ordered,winter,random,easier,described,said,wion,spent,stopped,outside,ipad,old,pack,air,unit,hope,lazy,away,table,plugged,integration,overall,watch,2nd,power,fun,cloud
skill,arrived,area,program,router,day,purchase,junk,impressed,email,needed,looking,support,away,integration,flawlessly,read,fantastic,ha,hook,scheduling,took,plugging,bought,neutral,protector,save,ankuoo,purpose,amazon,sync,bought,window,bought,outage,kit,ve,message,code,dark,reach,unplug,unit,google,small,strong,liked,ha,running,issue
able,able,glitch,better,adjust,tablet,problem,unplugged,activate,saying,hoping,month,multiple,foot,stable,able,24,operate,wemo,friendly,space,step,wall,connect,camera,turning,useful,life,literally,vacation,day,power,day,charm,living,application,tried,ha,30,plugged,want,bought,remote,idevice,blink,controlling,ve,review,6,morning
recommended,extremely,everyday,button,watt,problem,ordering,amazon,adapter,doe,basically,broken,connect,consistently,isn,simple,store,took,bug,electric,gadget,connection,designed,sent,label,regular,world,doe,working,away,online,factory,wireless,having,automatically,hue,review,yesterday,solid,house,usb,doe,coming,ipad,losing,pin,sign,issue,10,enabled
haven,issue,covered,quit,thing,software,supposed,family,cell,job,second,term,ended,initial,lack,ha,dlink,sunset,day,house,husband,got,want,pain,green,away,need,issue,stop,iphone,went,new,amazon,button,day,bought,connect,printed,wemo,guy,remote,tplink,delete,need,downside,configure,cold,wonderfully,constantly,connect

Data size,Topics,no_above,Chunksize,Passes,Iteration
20000,50,0.9,2000,5,200

Topic 1,Topic 2,Topic 3,Topic 4,Topic 5,Topic 6,Topic 7,Topic 8,Topic 9,Topic 10,Topic 11,Topic 12,Topic 13,Topic 14,Topic 15,Topic 16,Topic 17,Topic 18,Topic 19,Topic 20,Topic 21,Topic 22,Topic 23,Topic 24,Topic 25,Topic 26,Topic 27,Topic 28,Topic 29,Topic 30,Topic 31,Topic 32,Topic 33,Topic 34,Topic 35,Topic 36,Topic 37,Topic 38,Topic 39,Topic 40,Topic 41,Topic 42,Topic 43,Topic 44,Topic 45,Topic 46,Topic 47,Topic 48,Topic 49,Topic 50
link,ifttt,amazon,ipad,ordered,homekit,unit,advertised,instruction,recommend,outside,cost,socket,wemo,connection,cord,wall,bulb,good,christmas,price,house,item,reset,signal,connected,doe,support,awesome,update,power,perfectly,working,customer,install,worked,soon,timer,button,hub,box,password,enter,internet,remote,network,second,room,hot,voice
tp,right,minute,fun,fast,apple,expected,function,fan,highly,rule,operation,running,excellent,returned,buy,design,energy,quality,tree,fantastic,know,money,hour,company,stay,wish,belkin,outdoor,firmware,plugged,far,month,service,simple,quick,address,schedule,ok,smartthings,wire,morning,today,access,lamp,router,pair,lamp,convenience,command
kasa,couldn,took,gave,code,siri,useful,cool,heater,extremely,programmed,consumption,worth,wireless,play,piece,block,led,far,bought,user,need,better,network,garage,try,nice,tried,lighting,version,tv,problem,io,fine,iphone,charm,designed,perfect,remote,buying,neutral,luck,thing,office,bedroom,connect,difficult,living,house,website
amazon,thing,setting,thought,wink,koogeek,order,hooked,follow,interface,6,satisfied,water,reach,got,extension,cover,add,4ghz,year,cheaper,way,waste,connect,door,finally,compatible,review,controlling,review,strip,exactly,happy,number,easily,figure,wanted,remotely,press,gift,screw,upstairs,come,stuff,bed,wi,amazing,dot,end,connectivity
reliable,programming,le,think,free,idevices,floor,pleased,integration,recommended,100,ready,application,insight,loses,junk,big,feature,future,house,better,live,wion,trying,pump,got,job,wemo,vacation,ha,daily,worked,purchase,program,super,sync,option,feature,skill,hook,wiring,downstairs,pick,apartment,wall,fi,bit,house,evening,ghz
poor,bad,neo,away,impressed,scene,ac,thanks,space,server,inside,programmable,apps,simply,frustrating,completely,fit,kit,range,getting,click,run,appliance,update,controller,camera,supposed,tech,plus,new,outage,ha,stopped,issue,paired,smartphone,word,sunset,etekcity,absolutely,electrical,machine,change,step,room,android,software,convenient,leaving,expect
unreliable,start,google,people,wonderful,iphone,2nd,pretty,cell,downloaded,suck,originally,sale,mobile,required,world,size,pack,maybe,having,brand,electricity,friend,iphone,replacement,reconnect,idevice,email,different,issue,receiver,flawlessly,worked,ask,given,direction,coming,day,push,range,right,troubleshooting,okay,thing,having,connection,little,easier,mind,issue
purpose,wouldn,tablet,helpful,pot,allow,pairing,usage,forward,looking,individually,believe,certain,connected,bluetooth,garbage,large,hue,corner,thing,friendly,electronics,especially,error,failed,mini,pain,amazon,location,updated,shut,haven,described,problem,installed,loved,matter,ability,longer,samsung,load,package,ll,wake,plugged,access,unplug,dark,wrong,respond
bought,started,ankuoo,cool,daughter,port,arrived,addition,straight,want,attached,early,min,connect,day,separate,standard,scheduling,buy,going,terrible,monitor,thank,day,send,away,huge,help,bought,air,kid,ve,bought,multiple,amazon,installation,usually,allows,anymore,son,need,spot,hassle,modem,battery,security,disconnect,able,electric,response
purchased,screen,coffee,pro,solved,ha,distance,responsive,clear,tested,broken,technical,extra,technology,limited,short,second,lighting,xmas,trouble,buy,channel,leave,minute,useless,10,description,connect,husband,randomly,surge,configure,year,constantly,ordering,amazon,functional,automatically,disappointed,bought,installed,desk,want,cable,night,connected,window,life,looked,line

Data size,Topics,no_above,Chunksize,Passes,Iteration
20000,50,0.9,2000,10,200

Topic 1,Topic 2,Topic 3,Topic 4,Topic 5,Topic 6,Topic 7,Topic 8,Topic 9,Topic 10,Topic 11,Topic 12,Topic 13,Topic 14,Topic 15,Topic 16,Topic 17,Topic 18,Topic 19,Topic 20,Topic 21,Topic 22,Topic 23,Topic 24,Topic 25,Topic 26,Topic 27,Topic 28,Topic 29,Topic 30,Topic 31,Topic 32,Topic 33,Topic 34,Topic 35,Topic 36,Topic 37,Topic 38,Topic 39,Topic 40,Topic 41,Topic 42,Topic 43,Topic 44,Topic 45,Topic 46,Topic 47,Topic 48,Topic 49,Topic 50
remote,hard,doe,amazon,connection,christmas,ipad,dot,second,recommend,wi,connect,year,button,timer,power,review,range,feature,got,good,belkin,best,lamp,iphone,life,install,appliance,socket,update,android,issue,wireless,walk,house,wall,cool,box,hub,working,unit,simple,minute,router,price,bulb,wemo,day,link,item
button,software,exactly,tv,pretty,tree,open,awesome,ve,perfectly,fi,network,bed,instruction,schedule,strip,people,purchase,energy,reset,advertised,better,thing,room,perfect,amazing,needed,allows,big,firmware,access,fine,network,code,away,especially,buying,wire,wave,worked,io,little,le,support,buy,compatible,hour,7,tp,fan
come,reach,ifttt,voice,internet,hooked,contact,instruction,month,highly,super,tried,dark,click,function,plugged,type,controller,company,quickly,quality,described,forward,living,outside,brand,installed,application,difficult,setting,heater,apartment,nice,downloaded,wife,extra,piece,neutral,smartthings,week,fast,lighting,easier,customer,band,save,router,email,homekit,expected
handy,account,bulky,command,fun,unplug,screen,program,purchased,wish,neo,try,house,press,sunset,battery,read,door,interface,bought,water,received,pack,bedroom,money,absolutely,zero,free,cover,version,password,connectivity,quick,module,able,receiver,future,screw,paired,month,problem,convenient,10,service,better,pair,network,reset,kasa,excellent
programmed,returned,extremely,connected,reliable,bought,troubleshooting,amazon,block,happy,convenience,able,useful,follow,rule,cord,negative,signal,usage,30,pleased,ac,fact,night,ok,couldn,fully,drop,size,review,network,called,ability,number,turning,hand,junk,installation,wink,ha,gift,bit,15,tech,wait,led,insight,hour,apple,place
program,pain,fantastic,controlled,lost,server,giving,idea,ordered,worked,ankuoo,trying,night,office,multiple,ha,accessory,garage,scheduling,wanted,hot,cheaper,straight,floor,waste,model,exactly,configure,little,step,tablet,strong,smartphone,tap,plugged,foot,hope,way,pairing,day,area,far,certain,help,need,plus,amazon,website,siri,gadget
upstairs,returning,complaint,google,lose,got,restart,took,window,charm,4ghz,connected,come,play,automatically,extension,configuration,happy,worth,forget,pot,liked,making,having,wion,breeze,required,need,disappointed,process,mobile,totally,operate,stop,coffee,house,plan,need,automation,flawlessly,solution,definitely,running,replacement,think,kit,spent,disconnect,koogeek,dusk
downstairs,hardware,bit,turned,cool,son,winter,online,issue,recommended,sync,return,ago,push,vacation,wall,4g,house,pump,shut,stated,arrived,bought,bought,apps,soon,package,possible,standard,issue,space,fixed,ha,list,leave,value,buy,wiring,ge,stopped,loses,outdoor,cost,sent,hue,100,setting,randomly,idevices,fault
want,waiting,job,plugged,stuff,figure,business,clear,failed,order,5ghz,doe,cell,simple,day,need,know,outdoor,air,setting,trip,reason,world,different,controlling,new,numerous,skill,thing,updated,download,said,ghz,plugged,ha,plugged,glad,white,samsung,problem,impressed,option,prong,useless,feel,total,change,point,integration,countdown
wall,ended,scene,thing,constantly,perfect,flashing,husband,furniture,bought,lazy,ask,getting,plugged,program,monitor,correct,coming,day,changed,mile,bought,adapter,house,happens,design,port,wonderful,real,support,security,told,designed,insteon,etekcity,excited,ordering,installed,pair,reset,different,hook,receptacle,cloud,cheap,money,connected,tell,idevice,sound

Data size,Topics,no_above,Chunksize,Passes,Iteration
20000,50,0.9,2000,20,200

Topic 1,Topic 2,Topic 3,Topic 4,Topic 5,Topic 6,Topic 7,Topic 8,Topic 9,Topic 10,Topic 11,Topic 12,Topic 13,Topic 14,Topic 15,Topic 16,Topic 17,Topic 18,Topic 19,Topic 20,Topic 21,Topic 22,Topic 23,Topic 24,Topic 25,Topic 26,Topic 27,Topic 28,Topic 29,Topic 30,Topic 31,Topic 32,Topic 33,Topic 34,Topic 35,Topic 36,Topic 37,Topic 38,Topic 39,Topic 40,Topic 41,Topic 42,Topic 43,Topic 44,Topic 45,Topic 46,Topic 47,Topic 48,Topic 49,Topic 50
item,easier,iphone,setting,wemo,holiday,program,doe,getting,buy,got,button,minute,couldn,wall,homekit,away,io,night,thing,belkin,awesome,think,remote,connect,network,connected,advertised,hub,price,power,box,year,schedule,worked,software,lamp,buying,link,hour,timer,recommend,amazon,trying,bought,unit,difficult,install,update,christmas
convenient,life,review,account,router,apartment,excellent,exactly,amazing,money,second,pair,perfectly,idea,large,apple,ifttt,remotely,bed,know,multiple,android,thought,battery,wi,lose,good,ipad,wish,led,plugged,wire,range,feature,working,version,room,plan,tp,day,function,fan,dot,return,ve,nice,longer,instruction,support,tree
click,look,user,allow,insight,inside,controller,hard,wife,waste,ordered,code,socket,usage,walk,siri,outside,appliance,house,way,help,hooked,wasn,button,fi,downloaded,connection,address,smartthings,good,strip,neutral,lighting,option,month,review,living,morning,kasa,finally,haven,bedroom,perfect,tried,super,big,gave,purchase,firmware,definitely
6,pretty,read,company,better,outside,wave,bit,floor,wion,bought,press,took,garage,cover,idevices,foot,allows,expected,want,neo,google,convenience,programmed,network,wait,network,figure,wink,bulb,cord,screw,described,sunset,far,doe,house,certain,router,half,ha,heater,voice,connect,best,little,recognize,happy,customer,unplug
etekcity,size,water,create,integration,outdoor,operate,reach,useful,recommended,stop,pairing,10,door,place,koogeek,30,application,dark,let,location,fast,error,good,password,junk,connect,disconnect,hook,quality,cost,wiring,outdoor,ability,fine,updated,turning,making,internet,solution,problem,highly,command,hour,ok,deal,package,installation,reset,pump
module,fit,change,doe,amazon,mini,programming,cool,gift,pleased,constantly,number,rule,open,gadget,scene,right,running,having,need,different,extremely,sure,range,download,returned,issue,buggy,smaller,brand,extension,electrical,issue,scheduling,week,initial,able,shut,access,start,ve,space,tv,wouldn,complaint,charm,happened,follow,service,hot
randomly,intuitive,rating,change,nest,decoration,security,little,lazy,disappointed,free,push,block,close,big,iphone,leave,configure,come,people,ankuoo,fantastic,review,come,mobile,complete,connecting,person,terrible,better,receiver,need,wireless,sunrise,ha,appears,different,machine,network,returning,process,air,simple,compatible,vacation,trouble,fixed,step,tech,house
area,delay,friendly,open,spend,live,easily,coffee,basement,drop,day,manual,handy,watt,receptacle,store,day,apps,bedroom,going,ac,soon,band,number,idevice,piece,stay,watch,samsung,design,wall,load,controlled,nice,flawlessly,bug,bought,come,connection,server,expensive,window,forward,spent,thing,extra,eventually,direction,issue,bought
hassle,prong,response,tap,new,built,respond,needed,noise,connectivity,signal,second,second,tell,house,helpful,energy,purpose,worth,house,outage,absolutely,turned,programmable,data,completely,thing,video,sound,cheaper,wake,install,long,monitor,stopped,correct,upstairs,complicated,tablet,ve,failed,currently,group,worked,reliable,ask,24,skill,tried,plugged
month,ha,today,message,need,near,cell,job,particular,thanks,liked,plugging,plugged,consumption,located,ha,house,ha,fun,stuff,enter,friend,plugged,having,able,garbage,problem,camera,thing,pack,ha,installed,old,energy,problem,hoping,downstairs,want,need,high,tried,conditioner,straight,won,issue,linked,usually,sync,working,year

Data size,Topics,no_above,Chunksize,Passes,Iteration
20000,50,0.9,2000,5,100

Topic 1,Topic 2,Topic 3,Topic 4,Topic 5,Topic 6,Topic 7,Topic 8,Topic 9,Topic 10,Topic 11,Topic 12,Topic 13,Topic 14,Topic 15,Topic 16,Topic 17,Topic 18,Topic 19,Topic 20,Topic 21,Topic 22,Topic 23,Topic 24,Topic 25,Topic 26,Topic 27,Topic 28,Topic 29,Topic 30,Topic 31,Topic 32,Topic 33,Topic 34,Topic 35,Topic 36,Topic 37,Topic 38,Topic 39,Topic 40,Topic 41,Topic 42,Topic 43,Topic 44,Topic 45,Topic 46,Topic 47,Topic 48,Topic 49,Topic 50
program,wemo,christmas,perfect,button,issue,timer,good,reset,remote,convenient,thing,doe,morning,awesome,excellent,amazon,support,lighting,perfectly,function,update,internet,network,hub,dot,outdoor,size,link,buy,unit,recommend,router,instruction,android,install,number,pair,fantastic,homekit,connect,looking,belkin,quality,socket,lamp,simple,fan,ifttt,super
money,network,tree,easier,wall,software,schedule,far,setting,price,user,pump,cool,bad,play,life,voice,customer,house,tv,version,working,ready,iphone,io,flawlessly,signal,big,tp,getting,power,highly,hour,setting,ve,box,battery,button,worth,apple,won,process,review,design,power,room,minute,best,google,reliable
waste,router,plugged,ipad,block,wion,advertised,nice,hard,better,error,hot,exactly,band,reliably,address,command,service,range,expected,help,firmware,connection,wi,smartthings,future,cord,cover,kasa,definitely,ac,recommended,worked,follow,happy,wire,yes,fast,scheduling,siri,pain,forward,year,feel,strip,living,le,ok,multiple,handy
item,insight,downloaded,turning,scene,buying,feature,bulky,tried,junk,air,store,described,especially,technology,received,hook,company,reach,amazing,hope,month,returning,fi,reconnect,extremely,click,way,amazon,going,ha,friend,trying,change,day,installation,fully,usage,longer,koogeek,code,gave,ha,given,wall,bedroom,took,outside,pleased,smartphone
supposed,account,apartment,fun,plugged,wink,sunset,bit,problem,kit,friendly,hardware,needed,loved,decoration,thanks,item,replacement,bulb,remotely,model,week,need,connect,idevice,group,extension,fit,fine,difficult,outage,save,connect,want,ordered,installed,electronics,ability,old,idevices,web,server,ve,delay,real,remote,wish,application,brand,charm
doe,rule,bought,convenience,pro,solid,automatically,pretty,trouble,configure,saying,furniture,vacation,remember,com,return,purchasing,sent,option,useful,complaint,day,modem,neo,mini,wonderful,water,large,tap,think,problem,bought,connected,download,connectivity,neutral,auto,pairing,etekcity,compatible,start,electric,ago,cheap,watt,bed,coffee,thing,linked,unplug
cheaper,connect,lose,walk,second,drop,come,haven,worked,right,conditioner,monitoring,job,configured,fountain,window,controlling,problem,controlled,gift,additional,stopped,state,access,4ghz,stuff,energy,designed,port,purchase,module,electricity,tried,button,issue,need,discover,garage,idea,accessory,couldn,kept,failed,high,space,house,absolutely,hooked,responding,appliance
plugging,wireless,apps,gadget,press,soon,allows,able,try,piece,eventually,4g,away,bought,daughter,impressed,ordering,tech,foot,night,location,ha,stated,password,thing,channel,strong,standard,literally,step,know,sale,returned,tablet,ask,screw,person,operate,table,properly,expect,open,bought,plate,plugged,heater,family,loses,dlink,interface
garbage,connected,house,hand,push,buggy,sunrise,little,connecting,came,happened,local,mode,evening,suck,cloud,unplugged,contacted,hard,worked,require,6,resetting,connected,10,consumption,indoor,low,unreliable,probably,need,house,connection,read,free,wiring,8,easily,later,automation,prong,straight,receiver,plastic,thing,night,install,hit,lack,expensive
buy,issue,year,lazy,cell,disconnect,certain,sync,having,different,select,message,pretty,gone,owned,video,ip,poor,led,thank,older,issue,status,setting,running,bought,plugged,adapter,integrated,figure,minor,total,support,clear,half,add,type,ghz,moved,integration,site,mobile,purchased,type,big,having,little,operation,reliability,order

Data size,Topics,no_above,Chunksize,Passes,Iteration
20000,50,0.9,2000,5,200

Topic 1,Topic 2,Topic 3,Topic 4,Topic 5,Topic 6,Topic 7,Topic 8,Topic 9,Topic 10,Topic 11,Topic 12,Topic 13,Topic 14,Topic 15,Topic 16,Topic 17,Topic 18,Topic 19,Topic 20,Topic 21,Topic 22,Topic 23,Topic 24,Topic 25,Topic 26,Topic 27,Topic 28,Topic 29,Topic 30,Topic 31,Topic 32,Topic 33,Topic 34,Topic 35,Topic 36,Topic 37,Topic 38,Topic 39,Topic 40,Topic 41,Topic 42,Topic 43,Topic 44,Topic 45,Topic 46,Topic 47,Topic 48,Topic 49,Topic 50
doe,update,remote,setting,cover,outside,support,homekit,internet,hub,camera,password,instruction,wi,lamp,reach,room,perfectly,address,router,minute,tell,hard,issue,away,remotely,block,price,belkin,advertised,haven,box,power,nice,came,item,timer,think,christmas,link,good,signal,air,connect,cool,wemo,simple,wish,network,rule
perfect,firmware,wall,review,fit,controller,customer,apple,water,iphone,based,wouldn,easier,fi,tv,appliance,lamp,exactly,wink,connecting,took,receiver,design,reset,le,power,size,bought,network,amazing,convenience,wire,unit,heater,recommended,happy,schedule,thing,tree,tp,install,wireless,channel,working,hooked,amazon,controlled,fan,month,google
buy,version,socket,convenient,cord,led,service,siri,hot,ipad,door,change,download,security,night,click,living,brand,hub,multiple,got,additional,package,software,foot,io,plugged,year,ha,extremely,trouble,installation,button,usage,process,purchase,recommend,bit,apartment,kasa,expected,network,conditioner,hour,couldn,dot,amazon,function,6,code
fast,sent,program,iphone,big,wave,company,koogeek,timer,pair,fully,certain,follow,network,turning,coffee,bedroom,pairing,mac,connect,voice,add,programmable,ifttt,floor,access,large,ve,access,operate,getting,neutral,strip,tablet,instruction,ordered,awesome,overall,gadget,excellent,super,random,cable,tried,thought,android,play,thing,day,interface
useful,updated,battery,account,smaller,outdoor,received,idevices,expect,smartthings,guy,especially,life,cost,plugged,area,house,doe,consistently,trying,command,picture,end,fine,range,location,button,far,saying,handy,2nd,screw,press,scheduling,pack,hook,feature,people,buggy,described,unplug,connection,desk,worked,forward,insight,cheaper,better,issue,smartphone
good,new,number,open,bulky,inside,email,bulb,hoping,band,seller,impressed,fantastic,connection,house,leave,bed,cell,list,returning,neo,auto,deal,support,sync,point,second,reliable,web,mobile,able,randomly,io,office,clear,etekcity,highly,pretty,bought,fun,ask,port,box,day,family,wion,definitely,stuff,lost,waiting
job,review,extra,error,extension,lighting,replacement,holiday,electric,create,basement,frustrating,energy,enabled,turned,house,dark,amazon,scan,attempt,connected,automate,usb,connectivity,expensive,different,plugging,good,process,vacation,site,install,plugged,allows,highly,problem,outdoor,price,got,ok,integration,strong,11,network,figure,user,automation,drop,4ghz,discover
far,upgrade,second,scene,pump,low,response,kit,old,connected,giving,figured,configure,unlike,ha,enter,remote,needed,track,connection,10,excited,early,skill,model,doe,module,purchased,need,lose,bluetooth,wiring,remember,space,reboot,free,sunset,little,house,wonderful,thanks,real,icon,return,loses,charm,100,feel,ghz,possible
idevice,ha,button,step,standard,issue,amazon,ha,connection,responding,sensor,save,downloaded,pre,morning,maker,come,supposed,provided,wireless,little,competitor,big,website,distance,reconnect,mini,worth,cloud,thank,monitoring,need,downside,addition,4g,idea,option,buy,plugged,lazy,friend,literally,photo,reset,straight,iphone,value,tap,pain,appears
solution,totally,evening,read,wall,porch,unit,hue,modem,network,motion,sleep,ready,effective,remote,live,able,worked,code,online,amazon,way,little,fix,right,state,prong,ha,doe,away,video,electrical,hit,responsive,configuration,amazon,ha,good,worked,quit,window,need,free,connected,consumption,connect,install,looking,ha,initially

Data size,Topics,no_above,Chunksize,Passes,Iteration
20000,50,0.9,2000,5,400

Topic 1,Topic 2,Topic 3,Topic 4,Topic 5,Topic 6,Topic 7,Topic 8,Topic 9,Topic 10,Topic 11,Topic 12,Topic 13,Topic 14,Topic 15,Topic 16,Topic 17,Topic 18,Topic 19,Topic 20,Topic 21,Topic 22,Topic 23,Topic 24,Topic 25,Topic 26,Topic 27,Topic 28,Topic 29,Topic 30,Topic 31,Topic 32,Topic 33,Topic 34,Topic 35,Topic 36,Topic 37,Topic 38,Topic 39,Topic 40,Topic 41,Topic 42,Topic 43,Topic 44,Topic 45,Topic 46,Topic 47,Topic 48,Topic 49,Topic 50
minute,outside,update,support,feature,tablet,timer,excellent,ve,wire,connect,unit,power,cool,little,away,perfect,good,android,fan,amazon,christmas,compatible,socket,return,instruction,price,wi,wall,neo,wish,remotely,link,wemo,item,review,address,belkin,room,program,working,controller,day,hour,lamp,main,hub,remote,homekit,buy
simple,mini,firmware,customer,command,store,schedule,happy,year,box,network,io,plugged,best,bit,expected,thanks,perfectly,fantastic,week,dot,tree,ok,amazing,wanted,follow,design,fi,cover,extremely,purchase,different,tp,network,recommend,feel,electricity,heater,bedroom,awesome,internet,water,tried,need,room,available,wink,button,apple,money
install,maybe,review,tech,voice,band,allows,downloaded,month,neutral,connected,better,strip,definitely,big,outdoor,programming,doe,smartphone,lost,advertised,nice,scheduling,window,day,direction,quality,right,ha,supposed,company,appliance,kasa,router,highly,people,coming,block,lamp,button,reset,pump,haven,new,living,downside,pair,battery,siri,waste
took,7,response,password,ifttt,website,software,designed,far,screw,connection,need,turned,buying,hard,lighting,soon,exactly,absolutely,sleep,hooked,convenient,functionality,sound,try,energy,cord,worked,option,future,usage,operate,fine,setting,fast,read,upstairs,ac,bed,tv,service,hot,reach,local,super,toggle,inside,office,koogeek,save
le,4g,issue,email,sunset,number,setting,complaint,ha,install,iphone,wait,receiver,wion,deal,vacation,state,described,forward,shut,hook,fun,similar,separate,account,skill,recommended,charm,standard,ankuoo,smaller,brand,ask,reset,configure,good,downstairs,space,house,programmed,access,module,thing,thought,bought,enter,controlled,push,idevices,sync
quick,unplugged,week,returned,rule,sure,worth,pairing,flawlessly,wiring,issue,apps,problem,useful,handy,house,zero,price,play,almond,lazy,got,tap,daughter,tried,ordered,extension,idea,doe,apartment,looking,location,reconnect,insight,received,thing,change,cell,night,coffee,stopped,large,multiple,totally,house,individually,outside,wall,bulb,completely
10,50,updated,help,timer,channel,4ghz,plugged,issue,load,trying,easier,issue,life,getting,foot,impossible,job,straight,pin,world,morning,connects,x10,amazon,pleased,scene,box,prong,air,cost,monitor,pack,connect,arrived,live,mac,plugging,dark,press,month,wave,iphone,thing,want,plan,porch,second,integration,high
smartthings,yes,finally,router,google,button,daily,added,bought,white,tried,software,tv,floor,pretty,string,forget,range,decoration,initially,lamp,able,given,functional,worked,code,size,free,isn,mobile,happy,etekcity,discover,issue,monitoring,negative,oh,stuff,having,garage,unplug,receptacle,let,going,pain,continue,wave,wireless,kit,constantly
second,message,ha,replacement,doe,different,table,friend,worked,installed,user,group,scheduled,gift,bulky,patio,failure,thank,fountain,couple,bought,sale,ease,insteon,wouldn,cheaper,lose,programmable,furniture,convenience,operation,second,purchased,connected,ordering,mind,correct,integrate,walk,electric,worked,sensor,6,later,huge,giving,scan,click,server,ihome
installation,2016,original,hour,sunrise,description,mode,offline,problem,electrical,stay,screen,pot,holiday,difficult,mile,check,worked,family,unable,min,plugged,doe,intended,bought,clear,small,plus,making,create,buy,ipad,bought,problem,adapter,2nd,winter,activate,leave,maker,point,pro,junk,came,couch,awhile,need,want,hue,bought

Data size,Topics,no_above,Chunksize,Passes,Iteration
20000,10,0.9,2000,5,200

Topic 1,Topic 2,Topic 3,Topic 4,Topic 5,Topic 6,Topic 7,Topic 8,Topic 9,Topic 10
button,wall,remote,network,timer,koogeek,link,wi,good,room
thing,box,christmas,wemo,feature,io,tp,fi,remote,lamp
power,socket,house,connect,option,connection,kasa,hub,price,amazon
awesome,wire,tree,router,little,service,working,recommend,tv,living
cool,power,come,update,sunset,unit,worked,advertised,plugged,dot
nice,need,night,homekit,wish,customer,month,issue,bedroom,voice
unit,cover,lamp,support,rule,internet,bought,highly,wall,house
schedule,block,program,issue,better,ha,week,siri,buy,install
able,fit,heater,setting,convenient,neo,fine,worked,thing,bought
little,big,bed,reset,cost,buy,day,far,lamp,fan

Data size,Topics,no_above,Chunksize,Passes,Iteration
20000,30,0.9,2000,5,200

Topic 1,Topic 2,Topic 3,Topic 4,Topic 5,Topic 6,Topic 7,Topic 8,Topic 9,Topic 10,Topic 11,Topic 12,Topic 13,Topic 14,Topic 15,Topic 16,Topic 17,Topic 18,Topic 19,Topic 20,Topic 21,Topic 22,Topic 23,Topic 24,Topic 25,Topic 26,Topic 27,Topic 28,Topic 29,Topic 30
item,doe,unit,christmas,wemo,expected,instruction,need,working,power,lamp,io,perfect,dot,network,homekit,buy,house,led,thing,price,best,install,good,button,wi,hub,timer,link,remote
awesome,router,iphone,recommend,belkin,perfectly,ifttt,price,worked,ha,room,connection,super,easier,support,update,money,power,bulb,wall,socket,couldn,wire,far,box,fi,amazon,schedule,tp,program
simple,issue,away,tree,amazon,heater,connected,company,reset,network,living,android,charm,excellent,connect,apple,waste,night,controller,hard,exactly,kit,installation,range,wall,fan,minute,feature,kasa,neo
amazing,android,ipad,bought,insight,password,multiple,buy,tried,strip,bed,tablet,hooked,life,customer,siri,absolutely,come,outdoor,bit,walk,entire,installed,quality,fit,signal,took,day,wish,battery
amazon,network,convenient,highly,access,air,follow,cost,hour,setting,tv,website,ok,voice,service,firmware,worth,dark,wave,big,fantastic,returning,box,lighting,design,scene,nice,rule,amazon,programmed
wion,week,purchased,bedroom,better,coffee,schedule,year,got,problem,able,software,etekcity,command,router,koogeek,user,want,randomly,reach,fast,server,neutral,water,press,strong,got,sunset,block,number
described,need,future,year,connect,change,code,gadget,month,lost,plugged,error,ask,little,tech,idevices,frustrating,cord,lighting,little,le,camera,screw,holiday,right,totally,bought,setting,better,power
easily,wireless,week,remote,setting,accessory,direction,order,connect,away,apartment,internet,worked,handy,problem,review,won,nice,click,bulky,gift,point,need,price,second,connection,scheduling,option,reconnect,ankuoo
fun,connectivity,bought,happy,connected,setting,step,liked,day,second,having,drop,husband,quick,help,iphone,friendly,able,model,socket,appliance,bought,add,floor,standard,issue,smartthings,automatically,disconnect,programming
skill,ha,far,worked,command,space,simple,ordered,fine,foot,terrible,user,flawlessly,smartphone,email,issue,save,plugged,power,plugged,doe,feel,wiring,pleased,push,enjoy,compatible,ha,loved,family

Data size,Topics,no_above,Chunksize,Passes,Iteration
20000,50,0.9,2000,5,200

Topic 1,Topic 2,Topic 3,Topic 4,Topic 5,Topic 6,Topic 7,Topic 8,Topic 9,Topic 10,Topic 11,Topic 12,Topic 13,Topic 14,Topic 15,Topic 16,Topic 17,Topic 18,Topic 19,Topic 20,Topic 21,Topic 22,Topic 23,Topic 24,Topic 25,Topic 26,Topic 27,Topic 28,Topic 29,Topic 30,Topic 31,Topic 32,Topic 33,Topic 34,Topic 35,Topic 36,Topic 37,Topic 38,Topic 39,Topic 40,Topic 41,Topic 42,Topic 43,Topic 44,Topic 45,Topic 46,Topic 47,Topic 48,Topic 49,Topic 50
timer,outdoor,feature,remote,network,perfectly,room,item,thing,wall,power,wire,recommend,outside,tv,perfect,working,program,tablet,hour,ok,function,lamp,house,cord,amazon,support,connect,good,hub,homekit,ha,install,reliable,far,belkin,scene,scheduling,button,socket,plugged,link,6,iphone,doe,amazon,randomly,right,wemo,controller
internet,lighting,energy,awesome,router,nice,christmas,money,cool,big,unit,box,happy,house,power,looking,month,hard,programming,trying,code,application,bedroom,dark,handy,return,customer,schedule,price,smartthings,apple,day,expected,bulb,connected,wemo,certain,error,instruction,battery,led,tp,lose,wi,advertised,dot,pro,smaller,update,fast
excellent,vacation,amazing,wall,android,wish,living,bought,easier,cover,charm,neutral,highly,disappointed,strip,floor,voice,convenient,let,neo,unplug,sync,bed,heater,extension,fine,service,reset,far,wave,siri,loses,simple,expensive,software,insight,allows,area,review,block,com,kasa,pain,fi,exactly,fan,mode,server,firmware,hand
access,click,usage,thing,wireless,worked,tree,worth,definitely,fit,outage,screw,super,signal,wife,friend,stopped,sunset,address,won,couldn,version,night,room,place,review,tech,setting,wion,wink,koogeek,problem,downloaded,ve,problem,remotely,feel,remember,manual,range,reboot,connection,appliance,minute,described,cost,schedule,apartment,setting,built
automatically,sound,camera,lighting,connect,haven,io,waste,life,size,reliably,load,flawlessly,inside,ability,forward,command,rule,cell,half,pair,response,room,come,sale,company,email,tried,quality,foot,idevices,rating,installed,cheaper,idea,ac,prong,operation,read,recommended,random,amazon,long,ifttt,needed,receiver,week,box,skill,year
cloud,lazy,security,house,issue,fantastic,lamp,different,pretty,bit,ha,hook,bought,failed,monitor,gift,buying,reach,blue,spent,piece,quick,house,nice,disconnect,try,reset,password,office,solid,compatible,happens,future,apps,stay,pump,look,nest,press,garage,surge,returned,buggy,ipad,arrived,family,tested,plugging,minute,word
thank,high,free,wireless,connected,best,bought,fun,little,design,port,wiring,extremely,strong,separate,upstairs,worked,programmed,drop,ve,buy,impressed,having,walk,short,store,worked,change,water,minute,band,failure,monitoring,ask,ve,ha,create,trip,follow,door,auto,brand,fact,took,worked,voice,4g,designed,issue,older
wake,pin,house,controlled,account,hooked,group,save,stuff,bulky,draw,need,controlled,moved,model,downstairs,ha,user,programmable,ankuoo,junk,upgrade,coffee,air,close,fix,number,day,useful,distance,integration,okay,ordering,kit,got,issue,regular,created,pairing,plus,pull,unreliable,patio,10,dlink,seamlessly,24,small,new,old
remotely,concept,world,bought,connectivity,configure,thing,gave,think,large,test,white,worked,replace,kid,accessory,amazon,operate,feature,etekcity,web,bug,plugged,space,radio,tried,week,able,pleased,bluetooth,ha,review,spot,le,easily,appears,picture,yesterday,second,furniture,able,purchased,x10,connecting,functionality,controlling,started,tap,went,replaced
day,indoor,day,live,website,supposed,year,ago,automation,little,check,hot,minute,linked,watch,straight,holiday,multiple,turned,stop,site,0,leave,gadget,cold,said,sent,wouldn,luck,need,point,gone,worked,option,idevice,adapter,come,helped,screen,yes,charger,connect,month,connected,additional,ceiling,day,unplugging,connected,packaging

Data size,Topics,no_above,Chunksize,Passes,Iteration
20000,100,0.9,2000,5,200

Topic 1,Topic 2,Topic 3,Topic 4,Topic 5,Topic 6,Topic 7,Topic 8,Topic 9,Topic 10,Topic 11,Topic 12,Topic 13,Topic 14,Topic 15,Topic 16,Topic 17,Topic 18,Topic 19,Topic 20,Topic 21,Topic 22,Topic 23,Topic 24,Topic 25,Topic 26,Topic 27,Topic 28,Topic 29,Topic 30,Topic 31,Topic 32,Topic 33,Topic 34,Topic 35,Topic 36,Topic 37,Topic 38,Topic 39,Topic 40,Topic 41,Topic 42,Topic 43,Topic 44,Topic 45,Topic 46,Topic 47,Topic 48,Topic 49,Topic 50,Topic 51,Topic 52,Topic 53,Topic 54,Topic 55,Topic 56,Topic 57,Topic 58,Topic 59,Topic 60,Topic 61,Topic 62,Topic 63,Topic 64,Topic 65,Topic 66,Topic 67,Topic 68,Topic 69,Topic 70,Topic 71,Topic 72,Topic 73,Topic 74,Topic 75,Topic 76,Topic 77,Topic 78,Topic 79,Topic 80,Topic 81,Topic 82,Topic 83,Topic 84,Topic 85,Topic 86,Topic 87,Topic 88,Topic 89,Topic 90,Topic 91,Topic 92,Topic 93,Topic 94,Topic 95,Topic 96,Topic 97,Topic 98,Topic 99,Topic 100
hub,room,lamp,fit,heater,remote,needed,feel,wion,instruction,socket,cord,50,convenience,application,review,bed,setting,bit,plus,io,minute,recommend,wireless,update,ask,advertised,probably,software,electrical,iphone,power,network,ordered,replacement,flawlessly,timer,ipad,belkin,christmas,automation,good,multiple,box,signal,thought,fun,lighting,unit,big,different,looking,wish,controller,hard,making,trouble,connected,longer,hour,server,remotely,fine,battery,reason,connect,link,sunset,working,button,nice,running,range,awesome,small,exactly,pretty,bulb,convenient,house,rule,router,block,expected,item,wemo,internet,won,pair,function,process,google,plan,android,save,far,help,support,install,fantastic
super,living,bought,receptacle,space,fan,smaller,click,foot,purchase,wall,added,person,returning,initial,available,bedroom,amazon,overall,left,configure,took,highly,money,firmware,half,easier,later,drop,color,schedule,plugged,reset,year,return,step,feature,iphone,neo,dot,ifttt,stuff,job,wire,gadget,wasn,properly,end,price,difficult,extremely,usage,figure,wave,service,electricity,gave,happy,started,trying,window,appliance,outdoor,free,turning,tried,tp,30,month,doe,simple,line,useful,returned,paired,wanted,cool,led,order,night,tablet,week,size,received,perfect,insight,access,helpful,open,lost,manual,experience,got,interface,quickly,reliable,start,homekit,perfectly,complaint
best,lamp,plugged,prong,separate,wall,piece,ago,15,installation,fast,extension,spend,built,random,reading,wife,tv,bulky,run,configuration,10,outside,password,review,luck,life,ll,glad,blue,controlling,strip,wi,hooked,live,smartphone,water,cycle,cost,tree,integration,attempt,thanks,neutral,fix,floor,issue,low,quality,reach,extra,sync,figured,downloaded,customer,understand,ready,stay,randomly,version,today,allows,absolutely,solid,energy,away,kasa,scene,worked,press,compatible,connection,hand,garage,pairing,future,option,way,user,going,monitor,account,cover,office,excellent,amazon,unplug,skill,wink,spent,air,apps,meaning,called,designed,operate,stop,apple,program,100
better,coffee,gift,allow,electric,family,charm,year,pack,follow,usually,enabled,nest,friendly,changed,picture,location,voice,code,decided,screen,le,definitely,waste,number,upstairs,idea,high,monitoring,wiring,address,6,fi,haven,forward,bluetooth,apartment,watt,ac,worth,add,fails,doe,screw,changing,scheduling,daily,zwave,described,company,liked,similar,purchasing,module,etekcity,almond,group,walk,disconnect,wait,coming,hope,people,kid,solution,got,amazon,programmed,stopped,supposed,friend,frustrating,pump,completely,strong,doe,design,standard,sent,having,turned,problem,large,state,couldn,better,morning,website,hub,tech,hold,message,walking,fail,wrong,ve,web,siri,buying,price
amazing,husband,terrible,individually,pro,receiver,junk,expect,string,direction,hue,activate,thermostat,complete,scheduled,read,disappointed,command,little,kitchen,intuitive,error,recommended,required,updated,downstairs,reconnect,buy,installing,white,band,surge,connect,place,poor,lack,ha,handle,ankuoo,amazon,tap,taking,useless,need,difficulty,close,waiting,circuit,brand,store,deal,tested,instead,dimmer,cell,look,connecting,especially,market,mode,evening,addition,wouldn,need,kind,try,unplugged,sunrise,ok,push,4ghz,additional,hot,programming,moved,programmable,given,ge,soon,little,discover,connectivity,wall,pleased,kit,connected,connection,list,satisfied,lazy,consumption,buggy,think,worst,cheap,expensive,based,koogeek,ability,pay
thing,maker,happens,larger,specific,want,wonderful,respond,pot,simple,need,short,alternative,rating,setting,plate,kept,tell,older,red,port,clear,inside,huge,issue,shut,mini,recognize,connection,led,setting,8,5ghz,hook,2nd,worked,come,desk,cloud,crap,ve,refund,forget,load,chair,table,spot,outdoor,better,local,reprogram,functional,linked,opinion,area,slightly,mind,constantly,failure,vacation,sensor,value,isn,activated,create,camera,need,reliably,ha,accessory,adding,loses,sleep,idevice,word,ease,thing,basement,thank,leave,data,ghz,plugging,outage,arrived,consistently,play,total,pre,concept,conditioner,unreliable,sun,problem,fact,issue,site,idevices,ordering,appears
smartthings,couch,late,reviewer,com,bedroom,indoor,bought,patio,read,individual,4g,disappointing,despite,default,plastic,failed,quick,giving,type,possible,connected,holiday,tip,ha,come,fountain,20,display,electrician,able,ha,issue,hoping,straight,enable,old,business,adapter,saying,following,radio,impossible,remove,somewhat,confusing,blink,breaker,buy,model,situation,furniture,non,surprised,fully,difference,machine,dark,stable,away,motion,stand,thing,transmitter,delay,able,cheaper,day,day,intended,totally,sound,house,door,issue,near,functionality,electronic,need,couple,doe,connection,second,7,package,ha,mobile,followed,straightforward,downside,second,certain,come,seamless,bought,past,want,email,worked,paid
samsung,able,second,wall,heat,thing,worked,negative,bought,included,perform,written,current,excited,reliability,box,touch,change,insteon,middle,configured,matter,house,guess,upgrade,slow,24,responsive,common,wired,leaving,sitting,resetting,enjoy,literally,town,saving,winter,restart,neat,picked,doe,responding,install,stereo,said,created,voltage,reboot,online,way,daughter,oh,replacing,incredibly,lol,getting,house,provide,instantly,updating,manually,handy,performed,world,pain,doe,want,lose,click,operation,compared,automatically,garbage,frequently,complicated,want,receive,remember,able,pin,connected,impressed,ihome,integrate,issue,sale,test,bunch,aren,select,bad,buy,miss,looked,hassle,mean,tech,able,nightlight
currently,want,place,look,alexia,having,bought,long,dog,guide,price,prefer,draw,away,relatively,placed,able,response,charger,summer,download,got,auto,change,original,fixed,ha,seller,master,indicator,channel,protector,unable,located,amazon,green,energy,loose,cable,guy,pc,previously,asking,ground,dropping,scan,forgot,yard,purchased,provided,40,search,purchased,problem,told,travel,dual,loved,year,worked,improvement,purchase,issue,number,annoying,connected,download,example,problem,ha,parent,yes,lower,anymore,equipment,replaced,manage,bright,fairly,enter,warm,wireless,big,electronics,inch,point,modem,real,buy,savvy,finally,idea,networking,hit,money,seamlessly,ll,customer,installed,biggest
entire,house,controlled,stick,http,house,kindle,new,occasionally,worked,ap,cause,physical,second,feature,order,turning,thing,seriously,pool,usb,correct,worry,label,version,stated,worked,defective,know,prompt,mac,think,tried,inexpensive,information,recognized,alarm,rated,flashing,hey,toggle,frequency,concern,right,exterior,case,resolved,assigned,build,offline,taken,holding,track,option,particular,16,pick,initially,ve,bought,zone,provides,connects,view,controlled,security,bought,icon,technology,right,effort,issue,twice,hit,easily,choose,dlink,playing,including,decoration,airport,ha,early,unfortunately,happier,detected,day,description,showed,sending,bug,frustration,wemos,attempted,quit,min,11,issue,numerous,pricey

